0,0,0,0,0,0,0,0,0
1.0,0.8769401110061156,1.3201293545415727,0.00014999382434264055,0.00015898016614394818,-0.0,-0.0,0.0,0.0
2.0,1.7170671270447213,2.6049981080523943,0.0001498194260472675,0.00015962156449991468,-0.0,3.1764592390667293e-06,-6.122196911944513e-06,-8.0642113261423e-06
3.0,2.5221156737362636,3.8555494003188286,0.00014968471816387068,0.00016024217842466393,-0.0,6.271888327466451e-06,-1.1987389937876063e-05,-1.591302789780805e-05
4.0,3.293734153846344,5.072706923850621,0.00014958706291126289,0.00016083990340067528,-0.0,9.29181110467036e-06,-1.760768904914115e-05,-2.3552211028099764e-05
5.0,4.033488554625556,6.257374641787516,0.00014952387177520984,0.00016141305328113515,-0.0,1.2241180270927643e-05,-2.299460226800326e-05,-3.0987403233467314e-05
6.0,4.742866236141352,7.410436697062074,0.00014949262883750988,0.00016196031883871167,-0.0,1.512444014782746e-05,-2.8159062247889246e-05,-3.822412651049752e-05
7.0,5.423279665606796,8.53275745787316,0.00014949090798672542,0.00016248072804664855,-0.0,1.794558225789699e-05,-3.311145272093499e-05,-4.5267781781021374e-05
8.0,6.076070070773408,9.625181657716677,0.00014951638514525305,0.00016297360846232283,-0.0,2.070819460613686e-05,-3.786163456851827e-05,-5.212364916989579e-05
9.0,6.702510992094641,10.688534598694133,0.00014956684646031843,0.000163438551952084,-0.0,2.3415505430987294e-05,-4.241897132675235e-05,-5.8796888860402664e-05
10.0,7.303811718809405,11.723622395066489,0.0001496401932481764,0.0001638753818924595,-0.0,2.607042209171102e-05,-4.679235398526525e-05,-6.52925423361902e-05
11.0,7.881120598534978,12.73123224045395,0.00014973444434725772,0.00016428412290198126,-0.0,2.8675565671980658e-05,-5.099022497558815e-05,-7.161553386905878e-05
12.0,8.435528213560435,13.712132687048006,0.00014984773642364195,0.00016466497309590498,-0.0,3.123330180399514e-05,-5.502060127647263e-05,-7.777067215119154e-05
13.0,8.968070419934863,14.667073928987744,0.00014997832267787722,0.0001650182788095138,-0.0,3.374576815228233e-05,-5.889109658860199e-05,-8.376265200076372e-05
14.0,9.479731247766825,15.596788084896376,0.00015012457032307573,0.00016534451170160982,-0.0,3.621489894011805e-05,-6.260894255142955e-05,-8.959605609299e-05
15.0,9.971445662991842,16.50198947667124,0.00015028495713800065,0.0001656442481257658,-0.0,3.864244685301105e-05,-6.618100899108858e-05,-9.527535668604192e-05
16.0,10.44410219230636,17.383374903131777,0.0001504580673435235,0.000165918150640901,-0.0,4.1030002611910124e-05,-6.961382320116662e-05,-0.0001008049173240792
17.0,10.898545414079342,18.241623908184554,0.00015064258700463269,0.00016616695152308158,-0.0,4.337901247272955e-05,-7.291358826820159e-05,-0.00010618899450886994
18.0,11.335578318894845,19.07739904386832,0.00015083729912166344,0.00016639143813574036,-0.0,4.56907938776677e-05,-7.608620046152531e-05,-0.00011143173933791768
19.0,11.755964543999307,19.891346129079295,0.0001510410785423677,0.00016659244001463228,-0.0,4.796654945688213e-05,-7.913726571295951e-05,-0.00011653719911131211
20.0,12.160430486366572,20.68409450501539,0.000151252886799807,0.00016677081752585813,-0.0,5.0207379555800095e-05,-8.207211521620067e-05,-0.00012150931891219193
21.0,12.549667299386073,21.45625728847134,0.0001514717669589632,0.0001669274519594593,-0.0,5.241429344313075e-05,-8.489582017879685e-05,-0.00012635194316716486
22.0,12.924332778352932,22.20843162410675,0.00015169683853668642,0.00016706323692679742,-0.0,5.4588219337090055e-05,-8.761320576166078e-05,-0.00013106881719359946
23.0,13.285053140017133,22.94119893672894,0.0001519272925445195,0.00016717907093670827,-0.0,5.673001337204494e-05,-9.022886424227406e-05,-0.00013566358874064308
24.0,13.632424701451397,23.65512518450716,0.0001521623866915364,0.00016727585103286596,-0.0,5.8840467614421366e-05,-9.274716743828409e-05,-0.00014013980953032982
25.0,13.967015463440413,24.350761113883618,0.00015240144077416994,0.00016735446738262456,-0.0,6.092031722500416e-05,-9.517227842821275e-05,-0.00014450093680437836
26.0,14.289366603491068,25.02864251678406,0.00015264383227172343,0.00016741579871556168,-0.0,6.297024685448495e-05,-9.750816260559876e-05,-0.00014875033488135486
27.0,14.59999388342515,25.689290490566734,0.00015288899215954046,0.00016746070851788133,-0.0,6.499089635004546e-05,-9.975859810217528e-05,-0.00015289127672788268
28.0,14.899388976351888,26.333211700990862,0.00015313640094640358,0.0001674900418965773,-0.0,6.698286584276831e-05,-0.0001019271856147208,-0.0001569269455465806
29.0,15.188020717635144,26.960898648339302,0.00015338558493841636,0.00016750462303473805,-0.0,6.89467202785631e-05,-0.00010401735766907521,-0.00016086043638244548
30.0,15.46633628427482,27.572829936697918,0.00015363611272821556,0.00016750525316650404,-0.0,7.088299344901757e-05,-0.00010603238735353811,-0.00016469475774850335
31.0,15.734762306919562,28.169470546278088,0.00015388759190570388,0.00016749270900693272,-0.0,7.279219157294231e-05,-0.00010797539655250452,-0.00016843283327074344
32.0,15.993705918521442,28.751272108569413,0.00015413966598446844,0.00016746774157834547,-0.0,7.467479647438674e-05,-0.00010984936370977796,-0.0001720775033516414
33.0,16.243555743436715,29.3186731840272,0.00015439201153652935,0.0001674310753806255,-0.0,7.653126839840317e-05,-0.00011165713114956124,-0.0001756315268509721
34.0,16.484682830571984,29.872099541932446,0.00015464433552696895,0.00016738340785838807,-0.0,7.836204850181001e-05,-0.00011340141198168239,-0.00017909758278210542
35.0,16.717441533974522,30.411964442010696,0.0001548963728392468,0.00016732540912297027,-0.0,8.016756105258168e-05,-0.00011508479661618388,-0.00018247827202157388
36.0,16.942170344070174,30.93866891735823,0.00015514788398153292,0.0001672577218918002,-0.0,8.194821536823064e-05,-0.00011670975891100278,-0.00018577611902938435
37.0,17.15919267256362,31.452602058198732,0.00015539865296414841,0.00016718096161190735,-0.0,8.370440752060751e-05,-0.00011827866197510605,-0.00018899357357731567
38.0,17.368817593834446,31.95414129597912,0.00015564848533814444,0.00016709571673817185,-0.0,8.54365218318703e-05,-0.00011979376364812818,-0.00019213301248228955
39.0,17.571340545488905,32.443652687308564,0.00015589720638512248,0.00016700254914037214,-0.0,8.71449321839899e-05,-0.0001212572216762921,-0.00019519674134181323
40.0,17.76704399056201,32.92149119724787,0.00015614465944859451,0.00016690199461623088,-0.0,8.883000316195791e-05,-0.00012267109860318313,-0.00019818699626846428
41.0,17.95619804370766,33.38800098146676,0.00015639070439745447,0.00016679456349047745,-0.0,9.049209104890675e-05,-0.00012403736639279175,-0.00020110594562040683
42.0,18.13906106356587,33.843515666802546,0.0001566352162124674,0.00016668074128248114,-0.0,9.213154468954965e-05,-0.00012535791080114535,-0.00020395569172499263
43.0,18.31588021335595,34.28835862977382,0.00015687808368706818,0.00016656098942727693,-0.0,9.374870623673238e-05,-0.00012663453551181155,-0.000206738272592596
44.0,18.486891991612357,34.7228432726272,0.00015711920823417204,0.0001664357460368313,-0.0,9.534391179441518e-05,-0.00012786896604957711,-0.00020945566361795756
45.0,18.652322734855655,35.14727329652164,0.00015735850279112868,0.00016630542669019975,-0.0,9.691749196906291e-05,-0.00012906285348568303,-0.0002121097792664577
46.0,18.812389093874483,35.561942971483084,0.00015759589081539658,0.00016617042524282784,-0.0,9.846977234021462e-05,-0.0001302177779471298,-0.00021470247474290435
47.0,18.967298485185204,35.96713740279267,0.00015783130536395029,0.00016603111464666873,-0.0,0.00010000107385990235,-0.00013133525194175294,-0.00021723554764059252
48.0,19.11724951913364,36.36313279350138,0.00015806468824987218,0.00016588784777404086,-0.0,0.00010151171318959507,-0.0001324167235100059,-0.00021971073956857695
49.0,19.262432406007736,36.7501967027949,0.00015829598927000747,0.00016574095823925717,-0.0,0.00010300200298243248,-0.00013346357921367388,-0.00022212973775528284
50.0,19.403029341440785,37.128588299962715,0.00015852516549797645,0.0001655907612130244,-0.0,0.00010447225211770586,-0.00013447714697107526,-0.00022449417662676724
51.0,19.53921487230157,37.49855861375488,0.00015875218063723527,0.00016543755422546624,-0.0,0.00010592276589379953,-0.0001354586987476835,-0.00022680563935812767
52.0,19.67115624419019,37.860350776938766,0.00015897700442925805,0.00016528161795436322,-0.0,0.00010735384618512602,-0.00013640945311052234,-0.00022906565939673614
53.0,19.799013731585834,38.21420026589568,0.00015919961211227908,0.00016512321699585264,-0.0,0.00010876579156800023,-0.0001373305776541442,-0.00023127572195615116
54.0,19.922940951625662,38.560335135123516,0.00015941998392637413,0.00016496260061539544,-0.0,0.00011015889741983667,-0.00013822319130549665,-0.00023343726547973023
55.0,20.04308516243096,38.898976246536755,0.0001596381046609853,0.00016480000347730023,-0.0,0.00011153345599556568,-0.00013908836651451207,-0.00023555168307312524
56.0,20.15958754683846,39.23033749347833,0.0001598539632412995,0.00016463564635151961,-0.0,0.0001128897564847237,-0.0001399271313368171,-0.00023762032390499613
57.0,20.27258348234039,39.554626019380066,0.0001600675523501739,0.00016446973679679037,-0.0,0.00011422808505225798,-0.00014074047141455107,-0.00023964449457542173
58.0,20.38220279798622,39.87204243102872,0.0001602788680825692,0.00016430246981950143,-0.0,0.00011554872486574746,-0.00014152933186090304,-0.0002416254604516202
59.0,20.488570018951958,40.18278100641358,0.000160487909629699,0.00016413402850793326,-0.0,0.00011685195611139853,-0.0001422946190536241,-0.00024356444697071732
60.0,20.591804599439197,40.48702989714886,0.00016069467899033378,0.00016396458464173604,-0.0,0.0001181380560008901,-0.00014303720234244347,-0.0002454626409094151
61.0,20.692021144525235,40.78497132548002,0.00016089918070691278,0.00016379429927670036,-0.0,0.0001194072987708875,-0.00014375791567501042,-0.00024732119162052007
62.0,20.789329621547743,41.07678177589762,0.00016110142162431156,0.00016362332330502948,-0.0,0.00012065995567680824,-0.00014445755914570032,-0.0002491412122363858
63.0,20.88383556157206,41.36263218139517,0.00016130141066930047,0.00016345179799145252,-0.0,0.00012189629498220603,-0.00014513690047135793,-0.000250923780839416
64.0,20.975640251456387,41.64268810441938,0.00016149915864889237,0.0001632798554856206,-0.0,0.00012311658194496877,-0.00014579667639780456,-0.00025266994159984856
65.0,21.064840916999465,41.9171099125714,0.00016169467806593585,0.00016310761931131616,-0.0,0.000124321078801352,-0.0001464375940407061,-0.000254380705881118
66.0,21.151530897626714,42.186052949127095,0.00016188798295045353,0.0001629352048330698,-0.0,0.00012551004474872142,-0.0001470603321641849,-0.00025605705331315317
67.0,21.235799813044313,42.449667698452316,0.00016207908870535204,0.00016276271970083362,-0.0,0.00012668373592774932,-0.00014766554240035911,-0.00025769993283402613
68.0,21.317733722265707,42.70809994639634,0.00016226801196525417,0.00016259026427339844,-0.0,0.0001278424054046984,-0.00014825385041280782,-0.0002593102637004167
69.0,21.39741527539196,42.96149093575284,0.00016245477046731292,0.00016241793202126798,-0.0,0.00012898630315431495,-0.00014882585700678523,-0.00026088893646740045
70.0,21.474923858505647,43.20997751688261,0.00016263938293296465,0.00016224580990972638,-0.0,0.00013011567604377384,-0.00014938213918884758,-0.0002624368139381054
71.0,21.550335732017817,43.45369229359694,0.00016282186895967535,0.0001620739787628402,-0.0,0.00013123076781802582,-0.00014992325117840337,-0.0002639547320838138
72.0,21.623724162788612,43.69276376440409,0.00016300224892181584,0.00016190251360914478,-0.0,0.00013233181908684391,-0.00015044972537355732,-0.00026544350093511357
73.0,21.69515955032441,43.92731645922398,0.00016318054387987668,0.00016173148400975814,-0.0,0.00013341906731378916,-0.00015096207327348625,-0.0002669039054447232
74.0,21.764709547337883,44.15747107167865,0.00016335677549730737,0.0001615609543696623,-0.0,0.00013449274680727224,-0.00015146078635946134,-0.0002683367063226346
75.0,21.832439174941793,44.3833445870677,0.00016353096596432708,0.00016139098423287996,-0.0,0.00013555308871384086,-0.0001519463369365163,-0.00026974264084422947
76.0,21.89841093273281,44.60505040613887,0.00016370313792810987,0.00016122162856225947,-0.0,0.00013660032101377566,-0.00015241917893765142,-0.00027112242363203705
77.0,21.96268490400808,44.82269846476485,0.00016387331442880418,0.00016105293800456754,-0.0,0.00013763466851905636,-0.00015287974869236402,-0.00027247674741180504
78.0,22.02531885634438,45.036395349637175,0.00016404151884089342,0.00016088495914156635,-0.0,0.0001386563528737112,-0.0001533284656611983,-0.00027380628374356394
79.0,22.086368337757754,45.246244410088515,0.00016420777481944527,0.0001607177347277375,-0.0,0.00013966559255656146,-0.00015376573313792056,-0.000275111683728361
80.0,22.145886768650225,45.452345866153514,0.00016437210625084458,0.00016055130391528786,-0.0,0.0001406626028863284,-0.00015419193892083995,-0.0002763935786913434
81.0,22.20392552973956,45.65479691297804,0.00016453453720763253,0.00016038570246705697,-0.0,0.00014164759602906777,-0.00015460745595471769,-0.00027765258084186444
82.0,22.260534046158032,45.85369182168516,0.00016469509190711397,0.00016022096295791665,-0.0,0.00014262078100787682,-0.0001550126429446326,-0.00027888928391128347
83.0,22.315759867896823,46.049122036805336,0.00016485379467342316,0.00016005711496523776,-0.0,0.00014358236371480568,-0.0001554078449431012,-0.0002801042637691209
84.0,22.36964874676377,46.241176270376364,0.00016501066990276417,0.00015989418524896916,-0.0,0.0001445325469248963,-0.00015579339391168576,-0.0002812980790182257
85.0,22.422244710013754,46.42994059281714,0.00016516574203156802,0.0001597321979218582,-0.0,0.00014547153031226588,-0.0001561696092582604,-0.0002824712715695987
86.0,22.473590130803352,46.615498520677455,0.00016531903550733268,0.00015957117461031433,-0.0,0.0001463995104681447,-0.00015653679835104847,-0.00028362436719750944
87.0,22.523725795613675,46.797931101363965,0.0001654705747619293,0.00015941113460639814,-0.0,0.00014731668092077003,-0.00015689525701048865,-0.00028475787607552865
88.0,22.57269096877849,46.977316994940544,0.00016562038418717977,0.00015925209501139616,-0.0,0.00014822323215704403,-0.0001572452699799352,-0.0002858722932940901
89.0,22.620523454247962,47.15373255309891,0.00016576848811252466,0.00015909407087142004,-0.0,0.00014911935164584972,-0.00015758711137614926,-0.0002869680993601803
90.0,22.667259654712158,47.3272518953933,0.00016591491078462046,0.00015893707530544924,-0.0,0.00015000522386292577,-0.00015792104512049113,-0.0002880457606797428
91.0,22.71293462820244,47.49794698283068,0.00016605967634871185,0.00015878111962621528,-0.0,0.00015088103031721015,-0.00015824732535168006,-0.000289105730023369
92.0,22.757582142283262,47.665887688905535,0.0001662028088316468,0.00015862621345430738,-0.0,0.00015174694957852719,-0.00015856619682094668,-0.0002901484469758357
93.0,22.80123472594163,47.83114186816623,0.0001663443321264029,0.00015847236482586098,-0.0,0.0001526031573065515,-0.00015887789527036303,-0.00029117433837003127
94.0,22.843923719276347,47.9937754223971,0.00016648426997801632,0.00015831958029417106,-0.0,0.00015344982628092517,-0.00015918264779509934,-0.00029218381870580427
95.0,22.88567932108439,48.15385236449868,0.00016662264597080005,0.00015816786502555777,-0.0,0.00015428712643244757,-0.00015948067319032045,-0.0002931772905542466
96.0,22.926530634437256,48.31143488014542,0.00016675948351676194,0.0001580172228897928,-0.0,0.00015511522487523884,-0.00015977218228340124,-0.00029415514494791553
97.0,22.966505710335845,48.46658338729857,0.00016689480584512666,0.00015786765654538098,-0.0,0.00015593428593979567,-0.00016005737825210985,-0.0002951177617574794
98.0,23.00563158952818,48.61935659364913,0.00016702863599288447,0.00015771916751997514,-0.0,0.00015674447120684346,-0.00016033645692937584,-0.00029606551005526113
99.0,23.04393434257062,48.76981155206359,0.00016716099679628805,0.00015757175628618948,-0.0,0.0001575459395419038,-0.00016060960709523333,-0.0002969987484661372
100.0,23.081439108209345,48.918003714102994,0.00016729191088323008,0.00015742542233306163,-0.0,0.00015833884713050732,-0.00016087701075650089,-0.0002979178255062364
101.0,22.618496382046846,48.394298028843245,8.195607018173214e-05,7.663105161345959e-05,-0.0,0.00015912334751395931,-0.00016113884341473474,-0.00029882307990986923
102.0,22.174727167786997,47.87513774293005,8.200360119019654e-05,7.673612585093569e-05,-0.0,0.00015636652936723035,-0.00015790689348685707,-0.0002956239439281507
103.0,21.749229979350673,47.36088831101276,8.20307963410408e-05,7.684675292678383e-05,-0.0,0.00015367593551627033,-0.00015480879992372807,-0.0002924525742109776
104.0,21.341151674405396,46.85188832266123,8.203963089817592e-05,7.696217521871321e-05,-0.0,0.00015105132071855724,-0.00015183826916525105,-0.0002893112031937641
105.0,20.949684586547182,46.34844996133817,8.203192711041664e-05,7.708168406937519e-05,-0.0,0.00014849228193018432,-0.00014898934515435,-0.00028620189920249266
106.0,20.574063835982923,45.85085957443183,8.200936472146674e-05,7.720461893945003e-05,-0.0,0.00014599827533122862,-0.00014625638931582214,-0.00028312656925741635
107.0,20.21356480760809,45.35937833841586,8.197349082662179e-05,7.733036625619511e-05,-0.0,0.0001435686324152703,-0.00014363406178135866,-0.00028008696255519053
108.0,19.867500786053416,44.874243004130584,8.192572911475297e-05,7.745835801544525e-05,-0.0,0.00014120257509947216,-0.00014111730378320612,-0.000277084674532103
109.0,19.53522073790996,44.395666708178226,8.186738853154933e-05,7.758807018836343e-05,-0.0,0.00013889922983243984,-0.00013870132114367743,-0.0002741211514167385
110.0,19.21610723193817,43.92383983746641,8.179967139761698e-05,7.771902097809614e-05,-0.0,0.00013665764069462378,-0.000136381568792162,-0.0002711976951865099
111.0,18.909574488625495,43.45893093499759,8.172368101287327e-05,7.785076896586426e-05,-0.0,0.0001344767815005823,-0.0001341537362454459,-0.00026831546884885393
112.0,18.615066550981968,43.001087636066956,8.16404287767061e-05,7.798291118088042e-05,-0.0,0.00013235556692423145,-0.00013201373399105516,-0.000265475501974384
113.0,18.33205556895606,42.550437625080654,8.155084085158586e-05,7.81150811238136e-05,-0.0,0.00013029286267755312,-0.0001299576807170001,-0.0002626786964157977
114.0,18.06004019031644,42.1070896042276,8.145576439619758e-05,7.824694676928006e-05,-0.0,0.00012828749478047165,-0.00012798189133473827,-0.00025992583215274687
115.0,17.79854405128103,41.67113426621944,8.135597339268684e-05,7.837820856901614e-05,-0.0,0.00012633825796487825,-0.00012608286574541008,-0.0002572175732091167
116.0,17.54711436058502,41.242645264247116,8.125217409126175e-05,7.850859747394525e-05,-0.0,0.00012444392325950041,-0.0001242572783024418,-0.0002545544735951562
117.0,17.305320571065405,40.82168017318274,8.114501009415863e-05,7.863787299027463e-05,-0.0,0.00012260324480461638,-0.00012250196792647526,-0.00025193698323260565
118.0,17.07275313320352,40.40828143687749,8.103506709983057e-05,7.876582128201467e-05,-0.0,0.00012081496594676726,-0.00012081392883127867,-0.00024936545382634476
119.0,16.8490223254096,40.00247729716864,8.092287732715681e-05,7.889225332988488e-05,-0.0,0.00011907782466383811,-0.0001191903018218318,-0.0002468401446511061
120.0,16.633757156156094,39.604282700909934,8.08089236384734e-05,7.901700315443226e-05,-0.0,0.00011739055837031259,-0.00011762836612817158,-0.00024436122822645625
121.0,16.42660433337086,39.21370018197949,8.069364337929138e-05,7.913992610931307e-05,-0.0,0.00011575190815133767,-0.00011612553174083695,-0.00024192879585752884
122.0,16.227227296787756,38.83072071580049,8.057743195168064e-05,7.926089724905925e-05,-0.0,0.00011416062247260359,-0.00011467933221587592,-0.00023954286302290458
123.0,16.03530530922212,38.45532454443254,8.046064613745723e-05,7.937980977424285e-05,-0.0,0.00011261546041105213,-0.00011328741791937816,-0.00023720337459458074
124.0,15.850532602993036,38.08748197075976,8.034360718650705e-05,7.949657355574341e-05,-0.0,0.00011111519444918573,-0.00011194754968338139,-0.0002349102098781677
125.0,15.672617577953352,37.72715412071703,8.022660368481003e-05,7.961111373879572e-05,-0.0,0.00010965861287335337,-0.00011065759284677428,-0.00023266318746430778
126.0,15.501282047813996,37.374293672862784,8.010989421598918e-05,7.97233694266327e-05,-0.0,0.00010824452181390039,-0.00010941551165649003,-0.00023046206988485045
127.0,15.33626053166082,37.02884555492762,7.999370982949921e-05,7.98332924428158e-05,-0.0,0.00010687174696251814,-0.00010821936400585733,-0.00022830656806955898
128.0,15.177299587761595,36.6907476072471,7.987825632788453e-05,7.994084617075557e-05,-0.0,0.0001055391349996295,-0.00010706729648845495,-0.00022619634560108382
129.0,15.024157186948061,36.35993121322716,7.976371638487798e-05,8.004600446844615e-05,-0.0,0.00010424555476215958,-0.00010595753974720716,-0.00022413102276764256
130.0,14.876602123033788,36.03632189719587,7.965025150547657e-05,8.01487506560582e-05,-0.0,0.00010298989817963329,-0.00010488840409976517,-0.00022211018041431465
131.0,14.734413457893888,35.71983989016783,7.953800383851945e-05,8.024907657374365e-05,-0.0,0.00010177108100424815,-0.00010385827542244725,-0.0002201333635951091
132.0,14.597379998987533,35.41040066419217,7.942709785170442e-05,8.034698170678762e-05,-0.0,0.00010058804335835816,-0.00010286561127616449,-0.00021820008502902345
133.0,14.465299807249606,35.10791543607287,7.931764187841542e-05,8.044247237509061e-05,-0.0,9.943975012073721e-05,-0.00010190893725883959,-0.00021630982836418907
134.0,14.33797973341411,34.81229164134611,7.920972954518835e-05,8.053556098386854e-05,-0.0,9.832519117102442e-05,-0.0001009868435698427,-0.00021446205125492436
135.0,14.215234980959584,34.5234333794733,7.910344108812462e-05,8.062626533240492e-05,-0.0,9.724338150993999e-05,-0.00010009798177291802,-0.00021265618825709668
136.0,14.096888693986266,34.24124183126649,7.899884456606135e-05,8.071460797768217e-05,-0.0,9.61933612711572e-05,-9.924106174496727e-05,-0.00021089165354765273
137.0,13.982771568446688,33.965615649602775,7.889599697783163e-05,8.080061564973761e-05,-0.0,9.517419563913691e-05,-9.841484879888947e-05,-0.00020916784347452453
138.0,13.872721485255964,33.69645132451275,7.879494529049469e-05,8.088431871564062e-05,-0.0,9.418497468579614e-05,-9.761816096945855e-05,-0.00020748413894336836
139.0,13.766583163905873,33.43364352374297,7.869572738498069e-05,8.096575068905671e-05,-0.0,9.322481313753667e-05,-9.684986645194983e-05,-0.00020583990764776313
140.0,13.664207835298326,33.177085409897884,7.859837292518445e-05,8.104494778245162e-05,-0.0,9.229285008294412e-05,-9.610888118391027e-05,-0.00020423450614958784
141.0,13.56545293259915,32.92666893526357,7.850290415615036e-05,8.112194849909038e-05,-0.0,9.138824863036222e-05,-9.539416656110513e-05,-0.00020266728181633173
142.0,13.470181798992941,32.682285115404646,7.840933663661973e-05,8.119679326209624e-05,-0.0,9.051019552351417e-05,-9.470472727927025e-05,-0.00020113757462206973
143.0,13.378263411294133,32.443824282609135,7.831767991086095e-05,8.126952407795307e-05,-0.0,8.965790072244602e-05,-9.403960929385594e-05,-0.0001996447188187711
144.0,13.28957211843896,32.211176320234216,7.822793812437017e-05,8.134018423195658e-05,-0.0,8.88305969562113e-05,-9.339789789046838e-05,-0.00019818804448450586
145.0,13.203987393947747,31.98423087897964,7.814011058771697e-05,8.140881801324682e-05,-0.0,8.802753925297706e-05,-9.277871585919908e-05,-0.00019676687895498146
146.0,13.121393601507396,31.762877576086723,7.805419229251467e-05,8.147547046717877e-05,-0.0,8.724800445254807e-05,-9.218122176648551e-05,-0.00019538054814468217
147.0,13.041679772880284,31.54700617842867,7.797017438321497e-05,8.154018717291483e-05,-0.0,8.64912907056875e-05,-9.160460831856834e-05,-0.00019402837776370617
148.0,12.964739397398313,31.33650677042458,7.788804458816812e-05,8.16030140442468e-05,-0.0,8.575671696407924e-05,-9.10481008110029e-05,-0.0001927096944362009
149.0,12.890470222349737,31.13126990767429,7.780778761314126e-05,8.166399715177697e-05,-0.0,8.504362246426656e-05,-9.051095565905046e-05,-0.0001914238267260913
150.0,12.81877406361202,30.931186757175283,7.772938550025981e-05,8.172318256470495e-05,-0.0,8.435136620847639e-05,-8.999245900411538e-05,-0.00019017010607558164
151.0,12.749556625926433,30.736149224946438,7.76528179551196e-05,8.17806162105827e-05,-0.0,8.367932644483953e-05,-8.949192539171312e-05,-0.00018894786766169175
152.0,12.682727332249648,30.546050071846942,7.75780626446175e-05,8.183634375150925e-05,-0.0,8.30269001491684e-05,-8.900869651675012e-05,-0.0001877564511758665
153.0,12.618199161654433,30.360783018342037,7.750509546785732e-05,8.189041047534186e-05,-0.0,8.239350251014018e-05,-8.854214003217327e-05,-0.00018659520153147286
154.0,12.555888495285837,30.180242838931413,7.74338908023153e-05,8.194286120060154e-05,-0.0,8.177856641946541e-05,-8.809164841730323e-05,-0.00018546346950377765
155.0,12.495714969911257,30.004325446920546,7.736442172728154e-05,8.199374019384547e-05,-0.0,8.118154196836524e-05,-8.765663790240576e-05,-0.00018436061230677782
156.0,12.43760133863243,29.83292797018054,7.729666022644456e-05,8.204309109837022e-05,-0.0,8.060189595147655e-05,-8.723654744627824e-05,-0.00018328599411103892
157.0,12.381473338355226,29.665948818508305,7.723057737134074e-05,8.209095687319363e-05,-0.0,8.003911137910652e-05,-8.683083776383605e-05,-0.0001822389865064857
158.0,12.327259563638783,29.503287743165995,7.71661434872604e-05,8.213737974134616e-05,-0.0,7.949268699858673e-05,-8.643899040087705e-05,-0.00018121896891388207
159.0,12.27489134656964,29.34484588914696,7.71033283030775e-05,8.218240114657496e-05,-0.0,7.89621368253471e-05,-8.606050685338249e-05,-0.00018022532894853682
160.0,12.224302642328892,29.190525840684774,7.70421010863572e-05,8.22260617176381e-05,-0.0,7.844698968417332e-05,-8.569490772888024e-05,-0.00017925746273957807
161.0,12.17542992014117,29.040231660492456,7.698243076498797e-05,8.226840123942994e-05,-0.0,7.794678876102564e-05,-8.534173194755277e-05,-0.00017831477520795225
162.0,12.128212059313764,28.893868923190848,7.69242860364882e-05,8.230945863024254e-05,-0.0,7.74610911656823e-05,-8.500053598091748e-05,-0.0001773966803061227
163.0,12.082590250092235,28.751344743357805,7.686763546604515e-05,8.234927192452484e-05,-0.0,7.698946750538842e-05,-8.467089312604281e-05,-0.0001765026012222721
164.0,12.038507899075713,28.612567798604324,7.68124475742598e-05,8.238787826055527e-05,-0.0,7.653150146962516e-05,-8.435239281338983e-05,-0.00017563197055164522
165.0,11.995910538950884,28.477448348058832,7.675869091549355e-05,8.24253138724931e-05,-0.0,7.608678942603873e-05,-8.404463994648657e-05,-0.00017478423043751294
166.0,11.954745742318199,28.345898246617455,7.670633414764092e-05,8.246161408632114e-05,-0.0,7.565494002752185e-05,-8.374725427175217e-05,-0.00017395883268408636
167.0,11.914963039397623,28.217830955295874,7.665534609408357e-05,8.249681331923362e-05,-0.0,7.523557383039404e-05,-8.345986977689047e-05,-0.00017315523884356678
168.0,11.876513839413885,28.093161547997052,7.660569579852264e-05,8.253094508206465e-05,-0.0,7.482832292358384e-05,-8.318213411636776e-05,-0.00017237292027938144
169.0,11.839351355473177,27.971806714989114,7.655735257332655e-05,8.256404198438728e-05,-0.0,7.443283056868292e-05,-8.291370806257816e-05,-0.00017161135820752544
170.0,11.803430532754287,27.853684763368705,7.651028604198015e-05,8.259613574194939e-05,-0.0,7.404875085072007e-05,-8.26542649813842e-05,-0.0001708700437178067
171.0,11.768707979847537,27.738715614767045,7.646446617617323e-05,8.262725718614093e-05,-0.0,7.367574833947173e-05,-8.240349033079629e-05,-0.00017014847777667655
172.0,11.735141903084589,27.626820800539026,7.641986332802016e-05,8.265743627521873e-05,-0.0,7.331349776111242e-05,-8.216108118162799e-05,-0.00016944617121321677
173.0,11.702692043711224,27.517923454659652,7.637644825786308e-05,8.268670210703851e-05,-0.0,7.296168367999373e-05,-8.192674575903176e-05,-0.00016876264468975157
174.0,11.671319617763634,27.411948304536967,7.633419215807129e-05,8.271508293307051e-05,-0.0,7.262000019032464e-05,-8.170020300388201e-05,-0.00016809742865845422
175.0,11.640987258516704,27.308821659936427,7.629306667321698e-05,8.274260617349547e-05,-0.0,7.228815061751841e-05,-8.14811821530326e-05,-0.00016745006330522657
176.0,11.611658961380126,27.208471400198246,7.625304391697199e-05,8.276929843319898e-05,-0.0,7.196584722896948e-05,-8.126942233752992e-05,-0.00016682009848204186
177.0,11.583300031125141,27.110826959916626,7.621409648604477e-05,8.279518551850046e-05,-0.0,7.165281095400912e-05,-8.106467219791531e-05,-0.00016620709362885988
178.0,11.555877031331153,27.01581931323803,7.617619747144592e-05,8.282029245447035e-05,-0.0,7.134877111279667e-05,-8.086668951579814e-05,-0.00016561061768614646
179.0,11.529357735947542,26.923380956924348,7.61393204673476e-05,8.284464350270419e-05,-0.0,7.10534651538951e-05,-8.067524086092663e-05,-0.00016503024899895693
180.0,11.503711082871689,26.833445892316558,7.610343957777976e-05,8.286826217943676e-05,-0.0,7.076663840028012e-05,-8.049010125302544e-05,-0.000164465575213475
181.0,11.478907129449574,26.745949606324572,7.606852942138266e-05,8.289117127389223e-05,-0.0,7.048804380353835e-05,-8.03110538377093e-05,-0.0001639161931668351
182.0,11.454917009810279,26.660829051559773,7.60345651344183e-05,8.291339286677817e-05,-0.0,7.0217441706005e-05,-8.013788957581841e-05,-0.00016338170877099574
183.0,11.431712893950426,26.5780226257182,7.600152237222431e-05,8.293494834884169e-05,-0.0,6.995459961060135e-05,-7.997040694555719e-05,-0.00016286173689137627
184.0,11.409267948489036,26.497470150314268,7.596937730927798e-05,8.295585843941556e-05,-0.0,6.969929195813072e-05,-7.980841165684973e-05,-0.0001623559012209159
185.0,11.38755629901735,26.419112848857278,7.593810663802258e-05,8.297614320489201e-05,-0.0,6.945129991179796e-05,-7.9651716377357e-05,-0.00016186383415016527
186.0,11.36655299397211,26.342893324556105,7.59076875665956e-05,8.299582207706815e-05,-0.0,6.921041114872669e-05,-7.950014046962907e-05,-0.00016138517663397448
187.0,11.346233969964457,26.268755537630597,7.587809781558474e-05,8.301491387131559e-05,-0.0,6.897641965823774e-05,-7.9353509738893e-05,-0.00016091957805529873
188.0,11.326576018499964,26.196644782302382,7.584931561392715e-05,8.303343680453265e-05,-0.0,6.874912554668491e-05,-7.921165619100287e-05,-0.00016046669608660148
189.0,11.30755675402869,26.126507663531665,7.582131969405503e-05,8.305140851284382e-05,-0.0,6.85283348486171e-05,-7.907441780010182e-05,-0.0001600261965492994
190.0,11.289154583267065,26.058292073561514,7.579408928638414e-05,8.306884606901579e-05,-0.0,6.83138593440697e-05,-7.89416382855693e-05,-0.00015959775327165543
191.0,11.271348675736379,25.991947168326007,7.576760411322942e-05,8.308576599956503e-05,-0.0,6.810551638177675e-05,-7.881316689784746e-05,-0.0001591810479454961
192.0,11.25411893546533,25.927423343773874,7.57418443822268e-05,8.310218430153514e-05,-0.0,6.790312870810594e-05,-7.8688858212761e-05,-0.00015877576998209696
193.0,11.237445973806613,25.864672212155032,7.57167907793308e-05,8.311811645892714e-05,-0.0,6.770652430152715e-05,-7.85685719339637e-05,-0.0001583816163675521
194.0,11.221311083320018,25.803646578313273,7.569242446145206e-05,8.313357745876805e-05,-0.0,6.751553621242827e-05,-7.845217270316235e-05,-0.0001579982915179167
195.0,11.205696212676672,25.744300416024615,7.566872704879254e-05,8.314858180680733e-05,-0.0,6.733000240809622e-05,-7.833952991778642e-05,-0.0001576255071343874
196.0,11.190583942541366,25.686588844417244,7.564568061692997e-05,8.316314354283263e-05,-0.0,6.714976562269016e-05,-7.823051755578668e-05,-0.00015726298205876143
197.0,11.175957462391764,25.630468104505834,7.562326768869832e-05,8.317727625559906e-05,-0.0,6.697467321203932e-05,-7.81250140072619e-05,-0.00015691044212939425
198.0,11.161800548235385,25.575895535869808,7.560147122590683e-05,8.319099309736856e-05,-0.0,6.680457701309973e-05,-7.802290191262666e-05,-0.00015656762003785592
199.0,11.148097541186932,25.522829553502458,7.55802746209351e-05,8.320430679805691e-05,-0.0,6.663933320791254e-05,-7.792406800704626e-05,-0.00015623425518646668
200.0,11.134833326870362,25.47122962485503,7.55596616882384e-05,8.321722967898931e-05,-0.0,6.647880219191391e-05,-7.782840297087845e-05,-0.00015591009354687624
201.0,12.18608660443979,26.700136852054076,0.0002575445447523626,0.00023726653255501214,-0.0,6.632284844644555e-05,-7.773580128587274e-05,-0.00015559488751983413
202.0,13.193273925882048,27.90709961780945,0.00025734653611865716,0.00023837769968279227,-0.0,7.007592695642161e-05,-8.507493367226008e-05,-0.0001631018545804962
203.0,14.158224529075774,29.09282455139763,0.00025715376606905523,0.00023942460149360722,-0.0,7.384431744820525e-05,-9.210642764966403e-05,-0.00017047477055448913
204.0,15.082711623096934,30.25797260421231,0.00025696942179966194,0.00024040318333858803,-0.0,7.763089024007457e-05,-9.884305370759836e-05,-0.00017771795199442582
205.0,15.96845211650636,31.40316696617719,0.0002567962528774332,0.00024131026332007465,-0.0,8.143831722432075e-05,-0.00010529719118074382,-0.00018483543642261176
206.0,16.817106607033082,32.529000049622454,0.0002566366140529954,0.00024214343735842444,-0.0,8.526910285583393e-05,-0.00011148082635203725,-0.00019183103068965874
207.0,17.6302796080962,33.63603961969323,0.00025649250569802017,0.00024290099023074467,-0.0,8.912561299423637e-05,-0.00011740555238064779,-0.00019870835363655875
208.0,18.409519987659575,34.72483414950439,0.00025636561170453646,0.00024358181259686435,-0.0,9.301010196442112e-05,-0.00012308257088339768,-0.00020547087354321787
209.0,19.15632159544124,35.79591747637,0.00025625733476532453,0.0002441853239473692,-0.0,9.692473815130132e-05,-0.00012852269499854618,-0.00021212194084123577
210.0,19.87212405539866,36.8498128327933,0.00025616882902182854,0.00024471140134500025,-0.0,0.0001008716284055459,-0.00013373635376453714,-0.0002186648165571926
211.0,20.558313701588556,37.88703632272854,0.00025610103011985486,0.0002451603137807966,-0.0,0.00010485284150670325,-0.00013873359765258987,-0.00022510269693656562
212.0,21.216224636873324,38.908099910099054,0.00025605468275505987,0.00024553266192746495,-0.0,0.00010887043090723698,-0.00014352410510023333,-0.0002314387346790043
213.0,21.84713989544531,39.913513982825236,0.00025603036582136596,0.0002458293230425976,-0.0,0.00011292645696475794,-0.00014811718990247115,-0.00023767605719414838
214.0,22.452292691707882,40.90378955180327,0.00025602851529756915,0.0002460514007519607,-0.0,0.00011702300885943873,-0.00015252180932773214,-0.00024381778226438352
215.0,23.032867739640974,41.879440140480696,0.0002560494450219974,0.0002462001794268761,-0.0,0.00012116222638871145,-0.00015674657283670508,-0.00024986703147763796
216.0,23.590002628352416,42.84098341698296,0.00025609336551356667,0.0002462770828587084,-0.0,0.00012534632183154728,-0.00016079975129324763,-0.0002558269417701426
217.0,24.124789241047086,43.78894261722644,0.00025616040100122145,0.0002462836369267373,-0.0,0.0001295776020796526,-0.00016468928656754637,-0.0002617006753965252
218.0,24.638275206113633,44.72384780416869,0.00025625060482367044,0.00024622143595253695,-0.0,0.00013385849124277188,-0.00016842280144239023,-0.00026749142862311255
219.0,25.13146537041979,45.64623700534836,0.0002563639733584903,0.0002460921124336751,-0.0,0.0001381915539500143,-0.000172007609743667,-0.0002732024394202529
220.0,25.605323286213995,46.556657268202336,0.00025650045863492474,0.00024589730985151925,-0.0,0.00014257951958898435,-0.00017545072662590466,-0.00027883699441115186
221.0,26.060772704249537,47.45566567035977,0.0002566599797787231,0.0002456386582515987,-0.0,0.00014702530774994874,-0.00017875887895280344,-0.0002843984353184378
222.0,26.49869906687727,48.34383032024309,0.00025684243343074634,0.00024531775229979553,-0.0,0.00015153205517387893,-0.00018193851572120834,-0.000289890165135697
223.0,26.919950995897317,49.221731381898465,0.0002570477032742807,0.00024493613152311186,-0.0,0.00015610314454190193,-0.00018499581848486295,-0.0002953156542397973
224.0,27.325341770923323,50.08996215707755,0.00025727566879944514,0.00024449526244937886,-0.0,0.00016074223549056405,-0.0001879367117415739,-0.00030067844665122135
225.0,27.715650794901713,50.949130257250644,0.0002575262134270904,0.0002439965223655448,-0.0,0.00016545329829384481,-0.00019076687325414004,-0.0003059821666441275
226.0,28.091625044250996,51.79985889850935,0.0002577992321094272,0.0002434411844185941,-0.0,0.00017024065072095414,-0.0001934917442816074,-0.00031123052590577126
227.0,28.45398050185119,52.64278835328669,0.00025809463852055343,0.00024283040378619798,-0.0,0.00017510899866096265,-0.00019611653970315107,-0.000316427331446615
228.0,28.80340357183116,53.478577594574915,0.0002584123719472833,0.00024216520464531789,-0.0,0.00018006348120431546,-0.00019864625802222871,-0.00032157649446838183
229.0,29.14055247578284,54.307906170967826,0.00025875240398943935,0.00024144646766557944,-0.0,0.0001851097209910726,-0.00020108569124365952,-0.0003266820404080105
230.0,29.466058630687762,55.13147635453595,0.000259114745179295,0.00024067491774962938,-0.0,0.00019025388078118123,-0.0002034394346210383,-0.0003317481203916373
231.0,29.780528009485796,55.95001560843944,0.000259499451632401,0.00023985111173409628,-0.0,0.00019550272737941556,-0.00020571189627647732,-0.0003367790243552185
232.0,30.084542485862812,56.76427942752166,0.00025990663184692224,0.00023897542575128576,-0.0,0.00020086370426468592,-0.00020790730669916808,-0.0003417791961183204
233.0,30.378661165499086,57.575054613198134,0.00026033645377622987,0.00023804804193221522,-0.0,0.0002063450145404101,-0.0002100297281337703,-0.00034675325073631717
234.0,30.663421706721238,58.3831630541345,0.000260789152310338,0.00023706893410468464,-0.0,0.00021195571615259878,-0.00021208306387427884,-0.0003517059945055502
235.0,30.939341634259247,59.18946609697333,0.0002612650373164579,0.00023603785210404293,-0.0,0.00021770583173219858,-0.0002140710674839139,-0.0003566424480581744
236.0,31.206919650650395,59.99486960734862,0.0002617645024082873,0.00023495430426697712,-0.0,0.00022360647593030027,-0.00021599735196687486,-0.00036156787306140966
237.0,31.4666369507849,60.80032984142471,0.0002622880346386938,0.00023381753761724124,-0.0,0.00022967000375801093,-0.0002178653989236672,-0.00036648780313351887
238.0,31.718958546189455,61.60686027327562,0.00026283622534256813,0.00023262651517311664,-0.0,0.00023591018425585993,-0.00021967856772836216,-0.00037140807971099805
239.0,31.964334606941087,62.41553955497198,0.0002634097823975974,0.00023137988970488318,-0.0,0.00024234240485180203,-0.00022144010477383996,-0.0003763348937546636
240.0,32.203201830652226,63.227520826111395,0.00026400954422291716,0.00023007597314045214,-0.0,0.0002489839130913943,-0.0002231531528401158,-0.00038127483437505605
241.0,32.43598484984251,64.0440426401757,0.0002646364959021732,0.00022871270065037542,-0.0,0.0002558541041322254,-0.00022482076065165872,-0.0003862349457011251
242.0,32.66309769130831,64.86644183983269,0.0002652917879026533,0.00022728758822870496,-0.0,0.0002629748646153289,-0.00022644589270270012,-0.0003912227936255478
243.0,32.884945303942395,65.69616879661002,0.0002659767579714624,0.00022579768230882117,-0.0,0.0002703709864360383,-0.0002280314394455554,-0.000396246544455471
244.0,33.1019251750063,66.53480553839493,0.0002666929569308722,0.00022423949959321735,-0.0,0.0002780706677823399,-0.0002295802279568169,-0.000401315058006382
245.0,33.314429059335936,67.38408742944497,0.0002674421792783909,0.00022260895480564103,-0.0,0.0002861061239381325,-0.00023109503322106404,-0.00040643799833670253
246.0,33.5228448516601,68.24592925389005,0.0002682264997372489,0.00022090127345453724,-0.0,0.00029451433725783587,-0.00023257859020299576,-0.000411625966183438
247.0,33.72755863953119,69.12245680181597,0.00026904831721996056,0.00021911088587455986,-0.0,0.0003033379851232679,-0.00023403360691867957,-0.0004168906582972245
248.0,33.92895698385659,70.01604539090428,0.0002699104080898363,0.00021723129771165155,-0.0,0.0003126265976401897,-0.00023546277876771145,-0.0004222450603907334
249.0,34.12742948644204,70.92936721097686,0.0002708159911732619,0.00021525493052717908,-0.0,0.0003224380148717576,-0.0002368688044543288,-0.00042770368245397797
250.0,34.32337172038869,71.86545000467802,0.0002717688077478496,0.00021317292415835994,-0.0,0.00033284023887464954,-0.00023825440391224442,-0.0004332828479656788
251.0,34.517188621157175,72.82775047106311,0.00027277322079400393,0.0002109748896504071,-0.0,0.00034391381227283184,-0.0002396223387626773,-0.00043900105235315204
252.0,34.7092984658416,73.820247015579,0.0002738343392777796,0.00020864859761788237,-0.0,0.00035575490813506916,-0.00024097543598844575,-0.00044487941138931586
253.0,34.90013760893918,74.84755824831025,0.0002749581753241685,0.00020617958126165295,-0.0,0.00036847939434021386,-0.00024231661571454097,-0.00045094222777008
254.0,35.090166199515565,75.91509623367692,0.0002761518451391607,0.00020355062513060937,-0.0,0.0003822282537181399,-0.00024364892427003598,-0.00045721771497893874
255.0,35.279875184536095,77.02926737188693,0.00027742382891183224,0.00020074109875622425,-0.0,0.0003971749227478376,-0.00024497557410142886,-0.00046373893343610304
256.0,35.46979501770087,78.1977396921792,0.0002787843114200414,0.00019772607637303863,-0.0,0.00041353539677229636,-0.0002462999926651188,-0.0004705450176134632
257.0,35.66050666050492,79.42980452470835,0.0002802456348969625,0.00019447515654307204,-0.0,0.00043158240898011845,-0.0002476258832265442,-0.0004776828088360944
258.0,35.8526557118293,80.73687519661897,0.000281822910943972,0.00019095085263371686,-0.0,0.0004516657507659157,-0.00024895730166207147,-0.00048520906461007755
259.0,36.037505189062024,81.34665189314366,0.0002819158286855014,0.00018951845353439711,-0.0,0.00046134795197765976,-0.00025029875510214903,-0.0004886921905584122
260.0,36.20824402932159,81.34996030861261,0.0002807928061524185,0.00018991687846080268,-0.0,0.00046134795197765944,-0.00025158924790146957,-0.0004886921905584122
261.0,36.36593417715795,81.35300441114839,0.00027975291019236644,0.00019028347278372308,-0.0,0.0004613479519776599,-0.000252781229870896,-0.0004886921905584122
262.0,36.511559957344296,81.35580581083319,0.0002787902783143412,0.0001906208389560551,-0.0,0.0004613479519776591,-0.00025388211478197644,-0.0004886921905584122
263.0,36.64603339529367,81.35838428748052,0.0002778994161551825,0.00019093135901560872,-0.0,0.00046134795197765976,-0.00025489877451799134,-0.0004886921905584122
264.0,36.77019922848741,81.36075795297035,0.0002770751817730525,0.00019121721413476448,-0.0,0.0004613479519776596,-0.0002558375762174685,-0.0004886921905584122
265.0,36.884839617512775,81.36294339852226,0.00027631276925429966,0.00019148040235624286,-0.0,0.00046134795197765916,-0.0002567044172605536,-0.0004886921905584122
266.0,36.99067856691171,81.36495582832292,0.00027560769196811744,0.0001917227546855505,-0.0,0.0004613479519776588,-0.0002575047581582575,-0.0004886921905584122
267.0,37.088386067189354,81.36680918080236,0.0002749557657364355,0.0001919459496960184,-0.0,0.00046134795197765895,-0.0002582436534158028,-0.0004886921905584122
268.0,37.17858197010454,81.36851623873844,0.00027435309213055364,0.0001921515267884158,-0.0,0.0004613479519776596,-0.00025892578044929803,-0.0004886921905584122
269.0,37.26183960983447,81.3700887292595,0.00027379604205948917,0.00019234089823405316,-0.0,0.00046134795197765873,-0.00025955546664036965,-0.0004886921905584122
270.0,37.33868918283028,81.3715374147151,0.00027328123977644143,0.00019251536011813218,-0.0,0.00046134795197765927,-0.0002601367146166603,-0.0004886921905584122
271.0,37.409620899210495,81.37287217529116,0.0002728055473979426,0.00019267610228890195,-0.0,0.0004613479519776595,-0.00026067322584767173,-0.0004886921905584122
272.0,37.47508791841475,81.37410208416097,0.00027236605000413187,0.0001928242174079154,-0.0,0.0004613479519776596,-0.000261168422645642,-0.0004886921905584122
273.0,37.53550908159635,81.37523547588536,0.0002719600413672303,0.00019296070918732372,-0.0,0.0004613479519776596,-0.00026162546866027425,-0.0004886921905584122
274.0,37.591271452896706,81.37628000870563,0.000271585010337962,0.00019308649989164997,-0.0,0.0004613479519776599,-0.0002620472879544357,-0.0004886921905584122
275.0,37.642732681341336,81.37724272130784,0.00027123862790570116,0.000193202437173798,-0.0,0.00046134795197765857,-0.00026243658274560005,-0.0004886921905584122
276.0,37.69022319464488,81.37813008458055,0.0002709187349369593,0.00019330930030811116,-0.0,0.00046134795197765927,-0.0002627958498949919,-0.0004886921905584122
277.0,37.73404823572739,81.37894804883541,0.0002706233305880093,0.00019340780587704632,-0.0,0.00046134795197765976,-0.0002631273962232355,-0.0004886921905584122
278.0,37.77448975223837,81.37970208691381,0.0002703505613805589,0.00019349861296240724,-0.0,0.0004613479519776586,-0.00026343335272792015,-0.0004886921905584122
279.0,37.811808148869034,81.38039723356066,0.000270098710924115,0.0001935823278870297,-0.0,0.00046134795197765954,-0.0002637156877749666,-0.0004886921905584122
280.0,37.8462439117155,81.38103812140845,0.00026986619026472033,0.0001936595085482814,-0.0,0.0004613479519776595,-0.0002639762193320747,-0.0004886921905584122
281.0,37.87801911344173,81.38162901388188,0.0002696515288368774,0.00019373066838066955,-0.0,0.00046134795197765895,-0.00026421662630891744,-0.0004886921905584122
282.0,37.907338807487065,81.38217383530187,0.00026945336599349165,0.00019379627998120729,-0.0,0.00046134795197765954,-0.0002644384590651607,-0.0004886921905584122
283.0,37.934392319071804,81.38267619844152,0.0002692704430873933,0.0001938567784279158,-0.0,0.0004613479519776597,-0.00026464314914386805,-0.0004886921905584122
284.0,37.9593544402795,81.38313942976184,0.00026910159607731093,0.00019391256431891047,-0.0,0.00046134795197765884,-0.00026483201828442015,-0.0004886921905584122
285.0,37.98238653603743,81.38356659253353,0.00026894574863094644,0.00019396400655688492,-0.0,0.00046134795197765873,-0.0002650062867657626,-0.0004886921905584122
286.0,38.003637567379265,81.38396050803074,0.00026880190569792957,0.0001940114449014498,-0.0,0.0004613479519776593,-0.0002651670811276068,-0.0004886921905584122
287.0,38.0232450379566,81.38432377496623,0.00026866914752586286,0.00019405519230965951,-0.0,0.0004613479519776591,-0.0002653154413141506,-0.0004886921905584122
288.0,38.04133586936986,81.38465878732087,0.00026854662409330415,0.00019409553708315904,-0.0,0.00046134795197765954,-0.0002654523272819756,-0.0004886921905584122
289.0,38.058027210513124,81.38496775070575,0.00026843354993434095,0.00019413274483866619,-0.0,0.00046134795197765976,-0.00026557862511100943,-0.0004886921905584122
290.0,38.07342718577309,81.38525269738385,0.00026832919933033787,0.0001941670603169696,-0.0,0.0004613479519776597,-0.00026569515265481884,-0.0004886921905584122
291.0,38.08763558658755,81.38551550006484,0.00026823290184544633,0.00019419870904422833,-0.0,0.0004613479519776597,-0.0002658026647640237,-0.0004886921905584122
292.0,38.100744510554485,81.38575788457793,0.00026814403818352893,0.0001942278988581135,-0.0,0.0004613479519776595,-0.0002659018581142859,-0.0004886921905584122
293.0,38.11283895198745,81.38598144151689,0.0002680620363452417,0.0001942548213102008,-0.0,0.0004613479519776598,-0.0002659933756681325,-0.0004886921905584122
294.0,38.12399734753603,81.3861876369438,0.00026798636806512504,0.0001942796529550065,-0.0,0.00046134795197765954,-0.0002660778107978104,-0.0004886921905584122
295.0,38.134292080231226,81.38637782223034,0.0002679165455096449,0.00019430255653513472,-0.0,0.00046134795197765965,-0.00026615571109443547,-0.0004886921905584122
296.0,38.143789945073124,81.38655324310787,0.000267852118218218,0.00019432368207117476,-0.0,0.0004613479519776585,-0.000266227581886893,-0.0004886921905584122
297.0,38.152552579052475,81.38671504799231,0.0002677926702703035,0.00019434316786423123,-0.0,0.0004613479519776586,-0.0002662938894922532,-0.0004886921905584122
298.0,38.160636858286516,81.38686429564305,0.00026773781766267714,0.00019436114141828332,-0.0,0.00046134795197765976,-0.0002663550642178879,-0.0004886921905584122
299.0,38.16809526475311,81.38700196221096,0.00026768720588198395,0.00019437772028895473,-0.0,0.0004613479519776592,-0.0002664115031340018,-0.0004886921905584122
300.0,38.174976224924194,81.38712894772523,0.0002676405076586228,0.00019439301286470673,-0.0,0.0004613479519776595,-0.00026646357263391944,-0.0004886921905584122
